Workbook

Sheet Coverage Summary
A1: Test Coverage Summary
A3: Module | B3: Spec Minimum | C3: Designed | D3: Automated | E3: In Progress
A4: Authentication | B4: 6 | C4: =COUNTIF('Test Cases'!$C$2:$C$67,A4) -> 7 | D4: =COUNTIFS('Test Cases'!$C$2:$C$67,A4,'Test Cases'!$L$2:$L$67,"Automated") -> 7 | E4: =COUNTIFS('Test Cases'!$C$2:$C$67,A4,'Test Cases'!$L$2:$L$67,"In progress") -> 0
A5: Dashboard | B5: 4 | C5: =COUNTIF('Test Cases'!$C$2:$C$67,A5) -> 4 | D5: =COUNTIFS('Test Cases'!$C$2:$C$67,A5,'Test Cases'!$L$2:$L$67,"Automated") -> 4 | E5: =COUNTIFS('Test Cases'!$C$2:$C$67,A5,'Test Cases'!$L$2:$L$67,"In progress") -> 0
A6: Client Information | B6: 8 | C6: =COUNTIF('Test Cases'!$C$2:$C$67,A6) -> 8 | D6: =COUNTIFS('Test Cases'!$C$2:$C$67,A6,'Test Cases'!$L$2:$L$67,"Automated") -> 8 | E6: =COUNTIFS('Test Cases'!$C$2:$C$67,A6,'Test Cases'!$L$2:$L$67,"In progress") -> 0
A7: Address and Contact | B7: 5 | C7: =COUNTIF('Test Cases'!$C$2:$C$67,A7) -> 5 | D7: =COUNTIFS('Test Cases'!$C$2:$C$67,A7,'Test Cases'!$L$2:$L$67,"Automated") -> 5 | E7: =COUNTIFS('Test Cases'!$C$2:$C$67,A7,'Test Cases'!$L$2:$L$67,"In progress") -> 0
A8: KYC, Financial and Compliance | B8: 6 | C8: =COUNTIF('Test Cases'!$C$2:$C$67,A8) -> 6 | D8: =COUNTIFS('Test Cases'!$C$2:$C$67,A8,'Test Cases'!$L$2:$L$67,"Automated") -> 6 | E8: =COUNTIFS('Test Cases'!$C$2:$C$67,A8,'Test Cases'!$L$2:$L$67,"In progress") -> 0
A9: Product Configuration | B9: 6 | C9: =COUNTIF('Test Cases'!$C$2:$C$67,A9) -> 6 | D9: =COUNTIFS('Test Cases'!$C$2:$C$67,A9,'Test Cases'!$L$2:$L$67,"Automated") -> 6 | E9: =COUNTIFS('Test Cases'!$C$2:$C$67,A9,'Test Cases'!$L$2:$L$67,"In progress") -> 0
A10: Riders | B10: 5 | C10: =COUNTIF('Test Cases'!$C$2:$C$67,A10) -> 5 | D10: =COUNTIFS('Test Cases'!$C$2:$C$67,A10,'Test Cases'!$L$2:$L$67,"Automated") -> 5 | E10: =COUNTIFS('Test Cases'!$C$2:$C$67,A10,'Test Cases'!$L$2:$L$67,"In progress") -> 0
A11: Beneficiaries | B11: 7 | C11: =COUNTIF('Test Cases'!$C$2:$C$67,A11) -> 7 | D11: =COUNTIFS('Test Cases'!$C$2:$C$67,A11,'Test Cases'!$L$2:$L$67,"Automated") -> 7 | E11: =COUNTIFS('Test Cases'!$C$2:$C$67,A11,'Test Cases'!$L$2:$L$67,"In progress") -> 0
A12: Documents and Validation | B12: 4 | C12: =COUNTIF('Test Cases'!$C$2:$C$67,A12) -> 5 | D12: =COUNTIFS('Test Cases'!$C$2:$C$67,A12,'Test Cases'!$L$2:$L$67,"Automated") -> 5 | E12: =COUNTIFS('Test Cases'!$C$2:$C$67,A12,'Test Cases'!$L$2:$L$67,"In progress") -> 0
A13: Submission and Status | B13: 5 | C13: =COUNTIF('Test Cases'!$C$2:$C$67,A13) -> 5 | D13: =COUNTIFS('Test Cases'!$C$2:$C$67,A13,'Test Cases'!$L$2:$L$67,"Automated") -> 5 | E13: =COUNTIFS('Test Cases'!$C$2:$C$67,A13,'Test Cases'!$L$2:$L$67,"In progress") -> 0
A14: API (HTTP layer) | B14: 8 | C14: =COUNTIF('Test Cases'!$C$2:$C$67,A14) -> 8 | D14: =COUNTIFS('Test Cases'!$C$2:$C$67,A14,'Test Cases'!$L$2:$L$67,"Automated") -> 8 | E14: =COUNTIFS('Test Cases'!$C$2:$C$67,A14,'Test Cases'!$L$2:$L$67,"In progress") -> 0
A15: Total | B15: =SUM(B4:B14) -> 64 | C15: =SUM(C4:C14) -> 66 | D15: =SUM(D4:D14) -> 66 | E15: =SUM(E4:E14) -> 0
A17: Spec minimum is from problem statement section 5.5. Defect codes are from the app's seeded defect catalog.
A18: The app has no /api routes, so API cases test the same risks through its HTTP routes.

Sheet Test Cases
A1: Test Case ID | B1: Title | C1: Module | D1: Requirement / Defect Link | E1: Preconditions | F1: Test Steps | G1: Test Data | H1: Expected Result | I1: Severity | J1: Priority | K1: Evidence | L1: Automation Status | M1: Spec File
A2: TC-AUTH-01 | B2: Valid agent signs in | C2: Authentication | D2: AUTH-V01 | E2: No session | F2: 1. Open /login 2. Enter email and password 3. Click Sign in | G2: agent1.valid | H2: Dashboard opens with agent name | I2: Critical | J2: P1 | K2: Screenshot | L2: Automated | M2: tests/auth/login.spec.js
A3: TC-AUTH-02 | B3: Wrong password shows an error | C3: Authentication | D3: AUTH-V02 | E3: No session | F3: 1. Open /login 2. Enter valid email, wrong password 3. Click Sign in | G3: Password WrongPass@1 | H3: Stays on login with an error | I3: High | J3: P1 | K3: Screenshot | L3: Automated | M3: tests/auth/login.spec.js
A4: TC-AUTH-03 | B4: Dashboard blocked without login and after logout | C4: Authentication | D4: AUTH-V04, AUTH-V05 | E4: Fresh browser | F4: 1. Open /dashboard 2. Sign in, log out, open /dashboard again | G4: agent1.valid | H4: Both times redirected to /login | I4: Critical | J4: P1 | K4: Screenshot | L4: Automated | M4: tests/auth/login.spec.js
A5: TC-AUTH-04 | B5: Locked agent sees a locked message | C5: Authentication | D5: AUTH-V06, DEF-AUTH-001 | E5: No session | F5: 1. Sign in as locked agent | G5: agent.locked | H5: Sign-in refused with a locked account message | I5: High | J5: P1 | K5: Screenshot | L5: Automated | M5: tests/auth/login.spec.js
A6: TC-AUTH-05 | B6: Weak password rejected at registration | C6: Authentication | D6: AUTH-V08, DEF-AUTH-002 | E6: No session | F6: 1. Open /register 2. Fill valid details with a weak password 3. Submit | G6: Password abc123, unique email | H6: Registration refused with a password policy error | I6: High | J6: P1 | K6: Screenshot | L6: Automated | M6: tests/auth/password.spec.js
A7: TC-AUTH-06 | B7: New password cannot match current password | C7: Authentication | D7: DEF-AUTH-006 | E7: Signed in as main agent (agent1.valid). | F7: 1. Open /change-password 2. Use current password as new password 3. Submit | G7: Current password | H7: Error shown, password unchanged | I7: Medium | J7: P2 | K7: Screenshot | L7: Automated | M7: tests/auth/password.spec.js
A8: TC-AUTH-07 | B8: MFA agent must enter OTP | C8: Authentication | D8: Spec 3.1 MFA | E8: No session. Runs on lab VM (OTP read from Laravel log) | F8: 1. Sign in as MFA agent 2. Enter wrong OTP 3. Enter correct OTP | G8: agent.mfa, OTP 000000 | H8: OTP page shown, wrong OTP refused, correct OTP opens dashboard | I8: High | J8: P2 | K8: Screenshot | L8: Automated | M8: tests/auth/login.spec.js
A9: TC-DASH-01 | B9: Dashboard shows status tiles | C9: Dashboard | D9: DASH-V01 | E9: Signed in as main agent (agent1.valid). | F9: 1. Open /dashboard | G9: None | H9: All status tiles and Start New Application visible | I9: High | J9: P1 | K9: Screenshot | L9: Automated | M9: tests/dashboard/dashboard.spec.js
A10: TC-DASH-02 | B10: New draft appears on dashboard | C10: Dashboard | D10: DASH-V01 | E10: Signed in as main agent (agent1.valid). | F10: 1. Note Draft count 2. Create draft 3. Return to dashboard | G10: None | H10: Draft count goes up, new row shows DRAFT | I10: High | J10: P1 | K10: Screenshot | L10: Automated | M10: tests/dashboard/dashboard.spec.js
A11: TC-DASH-03 | B11: Agent cannot open another agent's application | C11: Dashboard | D11: DASH-V02, DEF-API-001 | E11: Signed in as main agent (agent1.valid). | F11: 1. Open agent.draft's application WL202605170002 by id | G11: Seeded application | H11: Not listed and access refused | I11: Critical | J11: P1 | K11: Screenshot | L11: Automated | M11: tests/dashboard/dashboard.spec.js
A12: TC-DASH-04 | B12: New agent sees empty state | C12: Dashboard | D12: DASH-V03 | E12: Signed in as agent.new | F12: 1. Open /dashboard | G12: agent.new | H12: All tiles 0, empty message shown | I12: Low | J12: P3 | K12: Screenshot | L12: Automated | M12: tests/dashboard/dashboard.spec.js
... A67: TC-API-08 | B67: Another agent's application not returned | C67: API (HTTP layer) | D67: API-V08, DEF-API-001 | E67: Signed in as main agent (agent1.valid). | F67: 1. GET agent.draft's application review page | G67: Seeded application | H67: 403 or 404 | I67: Critical | J67: P1 | K67: Response log | L67: Automated | M67: tests/api/http.spec.js

Sheet Seeded Defect Checklist
A1: Defect Code | B1: Module | C1: Title | D1: Severity | E1: Active in Seed | F1: Covered By
A2: DEF-AUTH-001 | B2: Authentication | C2: Locked account message mismatch | D2: Medium | E2: Yes | F2: TC-AUTH-04
A3: DEF-AUTH-002 | B3: Authentication | C3: Weak password accepted | D3: High | E3: Yes | F3: TC-AUTH-05
A4: DEF-AUTH-003 | B4: Authentication | C4: Failed login counter not reset | D4: Medium | E4: No | F4: Not covered
A5: DEF-AUTH-004 | B5: Authentication | C5: Duplicate license case mismatch | D5: Medium | E5: No | F5: Not covered
A6: DEF-AUTH-005 | B6: Authentication | C6: Expired OTP accepted | D6: High | E6: No | F6: Not covered
A7: DEF-AUTH-006 | B7: Authentication | C7: Same password accepted | D7: Medium | E7: No | F7: TC-AUTH-06
A8: DEF-CLI-001 | B8: Client Information | C8: Future DOB accepted | D8: High | E8: Yes | F8: TC-CLI-06
A9: DEF-CLI-002 | B9: KYC | C9: SSN masking not enforced | D9: High | E9: Yes | F9: TC-KYC-02
A10: DEF-CLI-003 | B10: Client Information | C10: Age boundary off by one | D10: Medium | E10: No | F10: TC-CLI-07
A11: DEF-CLI-004 | B11: Client Information | C11: Invalid name characters allowed | D11: Low | E11: No | F11: TC-CLI-08
A12: DEF-CLI-005 | B12: Client Information | C12: Gender validation mismatch | D12: Medium | E12: No | F12: Not covered
... A57: OWN-03 | B57: Authentication | C57: Password show/hide icon disappears on registration | D57: Low | E57: Own finding | F57: Observation only
